line_id,movement,clinic,lot_family,lot_id,quantity,receipt_status,release_status,confirmation_status,effective_at,valid_until,source_id,source_revision
RC-001,W-9,Clinic R-12,ORS-A,ORS-A-001,10,DESTINATION,RELEASED,CONFIRMED,2026-10-16T12:00:00Z,2026-10-17T00:00:00Z,SRC-RC-001,rev-1
RC-002,W-9,Clinic R-12,ORS-A,ORS-A-002,10,DESTINATION,RELEASED,CONFIRMED,2026-10-16T12:00:00Z,2026-10-17T00:00:00Z,SRC-RC-002,rev-1
RC-003,W-9,Clinic R-12,ORS-A,ORS-A-003,10,DESTINATION,RELEASED,CONFIRMED,2026-10-16T12:00:00Z,2026-10-17T00:00:00Z,SRC-RC-003,rev-1
RC-004,W-9,Clinic R-12,ORS-A,ORS-A-004,10,DESTINATION,RELEASED,CONFIRMED,2026-10-16T12:00:00Z,2026-10-17T00:00:00Z,SRC-RC-004,rev-1
RC-005,W-9,Clinic R-12,ORS-A,ORS-A-005,10,DESTINATION,RELEASED,CONFIRMED,2026-10-16T12:00:00Z,2026-10-17T00:00:00Z,SRC-RC-005,rev-1
RC-006,W-9,Clinic R-12,ORS-A,ORS-A-006,10,DESTINATION,RELEASED,CONFIRMED,2026-10-16T12:00:00Z,2026-10-17T00:00:00Z,SRC-RC-006,rev-1
RC-007,W-9,Clinic R-12,ORS-A,ORS-A-007,10,DESTINATION,RELEASED,CONFIRMED,2026-10-16T12:00:00Z,2026-10-17T00:00:00Z,SRC-RC-007,rev-1
RC-008,W-9,Clinic R-12,ORS-A,ORS-A-008,10,DESTINATION,RELEASED,CONFIRMED,2026-10-16T12:00:00Z,2026-10-17T00:00:00Z,SRC-RC-008,rev-1
RC-009,W-9,Clinic R-12,ORS-A,ORS-A-009,10,DESTINATION,RELEASED,CONFIRMED,2026-10-16T12:00:00Z,2026-10-17T00:00:00Z,SRC-RC-009,rev-1
RC-010,W-9,Clinic R-12,ORS-A,ORS-A-010,10,DESTINATION,RELEASED,CONFIRMED,2026-10-16T12:00:00Z,2026-10-17T00:00:00Z,SRC-RC-010,rev-1
RC-011,W-9,Clinic R-12,ORS-A,ORS-A-011,10,DESTINATION,RELEASED,CONFIRMED,2026-10-16T12:00:00Z,2026-10-17T00:00:00Z,SRC-RC-011,rev-1
RC-012,W-9,Clinic R-12,ORS-A,ORS-A-012,10,DESTINATION,RELEASED,CONFIRMED,2026-10-16T12:00:00Z,2026-10-17T00:00:00Z,SRC-RC-012,rev-1
RC-013,W-9,Clinic R-12,ORS-A,ORS-A-013,10,DESTINATION,HELD,UNCONFIRMED,2026-10-16T12:00:00Z,2026-10-17T00:00:00Z,SRC-RC-013,rev-1
RC-014,W-9,Clinic R-12,ORS-A,ORS-A-014,10,DESTINATION,HELD,UNCONFIRMED,2026-10-16T12:00:00Z,2026-10-17T00:00:00Z,SRC-RC-014,rev-1
RC-015,W-9,Clinic R-12,ORS-A,ORS-A-015,10,DESTINATION,HELD,UNCONFIRMED,2026-10-16T12:00:00Z,2026-10-17T00:00:00Z,SRC-RC-015,rev-1
RC-016,W-9,Clinic R-12,ORS-A,ORS-A-016,10,DESTINATION,HELD,UNCONFIRMED,2026-10-16T12:00:00Z,2026-10-17T00:00:00Z,SRC-RC-016,rev-1
RC-017,W-9,Clinic R-12,ORS-A,ORS-A-017,10,ORIGIN,RELEASED,CONFIRMED,2026-10-16T12:00:00Z,2026-10-17T00:00:00Z,SRC-RC-017,rev-1
RC-018,W-9,Clinic R-12,ORS-A,ORS-A-018,10,ORIGIN,RELEASED,CONFIRMED,2026-10-16T12:00:00Z,2026-10-17T00:00:00Z,SRC-RC-018,rev-1
RC-019,W-9,Clinic R-12,ORS-A,ORS-A-019,10,ORIGIN,RELEASED,CONFIRMED,2026-10-16T12:00:00Z,2026-10-17T00:00:00Z,SRC-RC-019,rev-1
RC-020,W-9,Clinic R-12,ORS-A,ORS-A-020,10,ORIGIN,RELEASED,CONFIRMED,2026-10-16T12:00:00Z,2026-10-17T00:00:00Z,SRC-RC-020,rev-1
RC-021,W-9,Clinic R-12,ORS-A,ORS-A-021,10,ORIGIN,RELEASED,CONFIRMED,2026-10-16T12:00:00Z,2026-10-17T00:00:00Z,SRC-RC-021,rev-1
RC-022,W-9,Clinic R-12,ORS-A,ORS-A-022,10,ORIGIN,RELEASED,CONFIRMED,2026-10-16T12:00:00Z,2026-10-17T00:00:00Z,SRC-RC-022,rev-1
RC-023,W-9,Clinic R-12,ORS-A,ORS-A-023,10,ORIGIN,RELEASED,CONFIRMED,2026-10-16T12:00:00Z,2026-10-17T00:00:00Z,SRC-RC-023,rev-1
RC-024,W-9,Clinic R-12,ORS-A,ORS-A-024,10,ORIGIN,RELEASED,CONFIRMED,2026-10-16T12:00:00Z,2026-10-17T00:00:00Z,SRC-RC-024,rev-1
RC-025,W-90,Clinic R-12,ORS-A,ORS-A-025,10,DESTINATION,RELEASED,CONFIRMED,2026-10-16T12:00:00Z,2026-10-17T00:00:00Z,SRC-RC-025,rev-1
RC-026,W-9,Clinic R-120,ORS-A,ORS-A-026,10,DESTINATION,RELEASED,CONFIRMED,2026-10-16T12:00:00Z,2026-10-17T00:00:00Z,SRC-RC-026,rev-1
RC-027,W-9,Clinic R-12,ORS-B,ORS-B-027,10,DESTINATION,RELEASED,CONFIRMED,2026-10-16T12:00:00Z,2026-10-17T00:00:00Z,SRC-RC-027,rev-1
RC-028,W-98,Clinic R-12,ORS-A,ORS-A-012A,10,DESTINATION,RELEASED,CONFIRMED,2026-10-16T12:00:00Z,2026-10-17T00:00:00Z,SRC-RC-028,rev-1
RC-029,W-9,Clinic R-12A,ORS-A,ORS-A-12,10,DESTINATION,RELEASED,CONFIRMED,2026-10-16T12:00:00Z,2026-10-17T00:00:00Z,SRC-RC-029,rev-1
RC-030,W-9-ORS-A,Clinic R-12,ORS-A,ORS-A-030,10,DESTINATION,RELEASED,CONFIRMED,2026-10-16T12:00:00Z,2026-10-17T00:00:00Z,SRC-RC-030,rev-1
RC-031,W-9,Clinic R-12,ORS-AA,ORS-AA-031,10,DESTINATION,RELEASED,CONFIRMED,2026-10-16T12:00:00Z,2026-10-17T00:00:00Z,SRC-RC-031,rev-1
RC-032,W-9,Clinic R-12,ORS-A0,RC-012,10,DESTINATION,RELEASED,CONFIRMED,2026-10-16T12:00:00Z,2026-10-17T00:00:00Z,SRC-RC-032,rev-1
RC-033,W-9,Clinic R-12,ORS-A,ORS-A-033,10,DESTINATION,RELEASED,CONFIRMED,2026-10-16T12:00:00Z,2026-10-16T18:00:00Z,SRC-RC-033,rev-1
RC-034,W-9,Clinic R-12,ORS-A,ORS-A-034,10,DESTINATION,RELEASED,CONFIRMED,2026-10-14T12:00:00Z,2026-10-16T18:00:00Z,SRC-RC-034,rev-1
RC-035,W-9,Clinic R-12,ORS-A,ORS-A-035,10,DESTINATION,RELEASED,CONFIRMED,2026-10-16T18:00:01Z,2026-10-17T00:00:00Z,SRC-RC-035,rev-1
RC-036,W-9,Clinic R-12,ORS-A,ORS-A-036,10,DESTINATION,RELEASED,CONFIRMED,2026-10-17T00:00:00Z,2026-10-18T00:00:00Z,SRC-RC-036,rev-1
RC-037,W-9,Clinic R-12,ORS-A,ORS-A-037,10,DESTINATION,RELEASED,CONFIRMED,2026-10-01T00:00:00Z,2026-10-02T00:00:00Z,SRC-RC-037,rev-1
RC-038,W-9,Clinic R-12,ORS-A,ORS-A-038,10,DESTINATION,HELD,UNCONFIRMED,2026-10-16T18:00:01Z,2026-10-20T00:00:00Z,SRC-RC-038,rev-1
RC-039,W-9,Clinic R-12,ORS-A,ORS-A-039,10,DESTINATION,HELD,UNCONFIRMED,2026-10-16T12:00:00Z,2026-10-16T18:00:00Z,SRC-RC-039,rev-1
RC-040,W-9,Clinic R-12,ORS-A,ORS-A-040,10,DESTINATION,UNKNOWN,UNKNOWN,2026-10-16T19:00:00Z,2026-10-17T00:00:00Z,SRC-RC-040,rev-1
